"","RIVTYPE","tot_leng18","B18","C18","A18","D18","F18","DDef18","E18","tot_pa18","B","C","A","D","F","DDef","E","tot_pa24","prp_pa18","prp_pa18_ab","prp_pa18_model","EPL18_all","EPL18_ab","EPL18_model","prp_pa24","prp_pa24_ab","prp_pa24_model","EPL24_all","EPL24_ab","EPL24_model","zone"
"1","10_N_L",1972.01022777634,0,0,0,0,0,0,0,0,0,0,0,0,0,0,0,0,0,0,0,"NP","NP","NP",0,0,0,"NP","NP","NP","Lower foothill"
"2","10_N_M",50330.6289617102,11436.6556091391,0,5799.16690630964,0,0,0,0,17235.8225154487,11436.6556091391,463.770930890019,5799.16690630964,0,0,0,0,17699.5934463388,0.342451959592262,0.342451959592262,0.342451959592262,"WP","WP","WP",0.351666446684066,0.342451959592262,0.347059203138164,"WP","WP","WP","Mountain stream"
"3","10_N_U",142321.496680765,3195.97138137131,380.048815363266,724.671382986272,0,0,0,0,4300.69157972085,3195.97138137131,12662.3138608514,724.671382986272,0,0,0,0,16582.956625209,0.0302181446936829,0.0275477904307865,0.0302181446936829,"PP","PP","PP",0.116517581756504,0.0275477904307865,0.0720326860936453,"MP","PP","PP","Upper foothill"
"4","10_P_L",377485.660332358,2228.86195611423,67918.6360901433,0,14868.2220373438,3825.87956932749,0,0,88841.5996529289,2228.86195611423,85518.8168891057,0,14936.3263013501,3825.87956932749,0,0,106509.884715897,0.235350925846317,0.00590449436980421,0.206535519662438,"WP","NP","WP",0.282156107922406,0.00590449436980421,0.13104913242934,"WP","NP","MP","Lower foothill"
"5","10_P_M",147597.496265175,14669.7198843777,32034.0098115826,0,5407.82716902075,44.9395355578909,0,0,52156.496400539,15971.159662814,32917.1309698768,0,5407.82716902075,44.9395355578909,0,0,54341.0573372695,0.353369790953866,0.0993900320505571,0.334776256266923,"WP","PP","WP",0.368170590371261,0.108207524293773,0.230709017158938,"WP","MP","WP","Mountain stream"
"6","10_P_U",902386.940748308,74998.972181382,57906.4426762474,0,27504.0852275939,18764.822987102,0,0,179174.323072325,90150.89002098,65252.0671439869,0,27504.0852275939,18764.822987102,0,0,201671.865379663,0.198555979681781,0.083111765911848,0.164601162830398,"MP","PP","MP",0.223487127608945,0.0999026980002858,0.145201734693319,"WP","PP","MP","Upper foothill"
"7","11_N_F",259530.876561295,0,18248.572294288,0,2595.55860350579,20278.9900501337,0,1038.24875255787,42161.3697004854,0,2713.80313507356,0,18385.0593585121,364.830188374591,0,20697.6770185251,42161.3697004854,0.162452230189759,0,0.0843280210694035,"MP","NP","PP",0.162452230189759,0,0.0344551954488968,"MP","NP","PP","Lowland river"
"8","11_N_L",4796280.46726565,33280.6082063407,60188.4107536567,0,16643.8612406641,28076.9897220316,0,714.190928909742,138904.060851603,36728.8212203036,66949.5383016123,0,20462.4762984157,6256.2772219475,0,6527.00007087811,136924.113113157,0.0289607878020511,0.00693883696616138,0.0218529559617182,"PP","NP","PP",0.0285479788030864,0.00765777178189969,0.0160530714984683,"PP","NP","PP","Lower foothill"
"9","11_N_M",62993.2630414656,0,1790.19006326694,0,7865.95615314706,340.500371061425,0,0,9996.64658747543,0,179.797180740337,0,8671.00836507665,340.500371061425,0,805.340670597014,9996.64658747543,0.158693900026977,0,0.0913941888223332,"MP","NP","PP",0.158693900026977,0,0.04400050153186,"MP","NP","PP","Mountain stream"
"10","11_N_U",3394225.29333632,11905.893696534,42859.0523801194,0,32441.9863778503,7933.90981946892,154.601499044787,0,95295.4437730174,12803.5586971502,45372.7892839331,0,19945.3649290909,6691.40909336339,154.601499044787,21554.5967350681,106522.320237651,0.0280757567743383,0.00355323944443419,0.0211930339119781,"PP","NP","PP",0.03138339710295,0.00381770774663515,0.012899445442338,"PP","NP","PP","Upper foothill"
"11","11_P_F",4646375.54697109,47252.7953223266,174646.667258944,0,32331.2395951605,106253.478103892,0,10923.9299689709,371408.110249294,28156.5954055416,149606.998775252,0,123527.41763162,53494.542372227,0,24670.30670594,379455.86089058,0.0799350174118856,0.0101698183551112,0.054228851420369,"PP","PP","PP",0.0816670665241302,0.0060599052144841,0.0306659135304144,"PP","NP","PP","Lowland river"
"12","11_P_L",8442242.96822967,29786.7144812573,95776.8668129601,0,25306.7323508004,120757.196177943,0,33049.9726899995,304677.48251296,49975.4665457692,115784.793441396,0,51372.9890955054,37158.5318384997,0,66646.2532772309,320938.034198401,0.0360896368014448,0.00352829391351947,0.018976906907005,"PP","NP","PP",0.0380157305832316,0.00591969062414333,0.0153921636479613,"PP","NP","PP","Lower foothill"
"13","11_P_M",89469.077517384,1696.64816046851,3843.00619110174,0,0,426.748375178659,0,5527.93161888244,11494.3343456314,239.642841341547,7474.43455038755,0,1946.91114486489,426.748375178659,0,1406.59743385871,11494.3343456314,0.128472704364231,0.0189635146303912,0.0809297343358209,"MP","PP","PP",0.128472704364231,0.00267849907466615,0.0525499237707814,"MP","NP","PP","Mountain stream"
"14","11_P_U",2760273.14287727,14782.4656130124,42619.7617141794,0,5116.41558952685,6367.91595350228,0,16746.3481537963,85632.9070240173,11861.1268766632,66623.210396854,0,12025.1675220394,2984.44952839724,0,6128.7877109148,99622.7420348686,0.0310233453689133,0.00535543580212621,0.023773419428717,"PP","NP","PP",0.0360916245886533,0.00429708447776993,0.0178943019571268,"PP","NP","PP","Upper foothill"
"15","12_N_F",3304.26389859087,0,0,0,0,0,0,0,0,0,0,0,0,0,0,0,0,0,0,0,"NP","NP","NP",0,0,0,"NP","NP","NP","Lowland river"
"16","12_N_L",179426.663127422,0,0,135075.480080041,0,2400.27675113769,0,0,137475.756831178,0,0,135075.480080041,0,2400.27675113769,0,0,137475.756831178,0.766194691663792,0.752817210807264,0.754154958892917,"WP","WP","WP",0.766194691663792,0.752817210807264,0.752817210807264,"WP","WP","WP","Lower foothill"
"17","12_N_M",20929.1634595313,0,0,1123.18382549148,0,0,0,0,1123.18382549148,0,0,1123.18382549148,0,0,0,0,1123.18382549148,0.053665968430285,0.053665968430285,0.053665968430285,"PP","PP","PP",0.053665968430285,0.053665968430285,0.053665968430285,"PP","PP","PP","Mountain stream"
"18","12_N_U",264340.081871785,0,0,83911.9196055279,0,151.312672720596,0,0,84063.2322782485,0,0,83911.9196055279,0,151.312672720596,0,0,84063.2322782485,0.318011675274515,0.317439258592,0.317496500260252,"WP","WP","WP",0.318011675274515,0.317439258592,0.317439258592,"WP","WP","WP","Upper foothill"
"19","12_P_F",27294.6532986104,1710.08637066205,0,0,0,0,0,0,1710.08637066205,1710.08637066205,0,0,0,0,0,0,1710.08637066205,0.0626527969398721,0.0626527969398721,0.0626527969398721,"PP","PP","PP",0.0626527969398721,0.0626527969398721,0.0626527969398721,"PP","PP","PP","Lowland river"
"20","12_P_L",111408.101476893,20784.7494400152,0,18010.9611744307,21176.3577898076,5973.1045421616,0,0,65945.1729464151,20784.7494400152,0,18010.9611744307,21176.3577898076,5973.1045421616,0,0,65945.1729464151,0.5919243939373,0.348230605316369,0.448631646181785,"WP","WP","WP",0.5919243939373,0.348230605316369,0.405254351818862,"WP","WP","WP","Lower foothill"
"21","12_P_M",2444.03890255562,0,0,0,0,0,0,0,0,0,0,0,0,0,0,0,0,0,0,0,"NP","NP","NP",0,0,0,"NP","NP","NP","Mountain stream"
"22","12_P_U",30389.7219426598,0,0,375.292066589799,0,103.166117056381,0,0,478.45818364618,0,0,375.292066589799,0,103.166117056381,0,0,478.45818364618,0.0157440790195102,0.0123493089965716,0.0126887859988655,"PP","PP","PP",0.0157440790195102,0.0123493089965716,0.0123493089965716,"PP","PP","PP","Upper foothill"
"23","13_N_F",63674.2013757959,54589.4647811474,2733.1772098167,0,0,0,6.07276749737764,0,57328.7147584615,39815.4548603409,2733.1772098167,0,14774.0099208066,0,6.07276749737764,0,57328.7147584615,0.900344464787485,0.857420059757481,0.900344464787485,"WP","WP","WP",0.900344464787485,0.625395007199499,0.716464725481896,"WP","WP","WP","Lowland river"
"24","13_N_L",93345.2696548601,41536.9849560879,0,0,6821.28954581008,0,0,0,48358.274501898,34346.3821446628,1203.26911545553,5987.33369596957,6821.28954581008,0,0,0,48358.274501898,0.518058115646358,0.444982216128027,0.481520165887193,"WP","WP","WP",0.518058115646358,0.432091695591694,0.46045972571536,"WP","WP","WP","Lower foothill"
"25","13_N_U",16610.7327366702,5633.50552036847,0,0,0,0,0,0,5633.50552036847,5633.50552036847,0,0,0,0,0,0,5633.50552036847,0.339148525816193,0.339148525816193,0.339148525816193,"WP","WP","WP",0.339148525816193,0.339148525816193,0.339148525816193,"WP","WP","WP","Upper foothill"
"26","13_P_F",536552.176927725,11024.5720855652,52839.0820490073,0,23448.6133697854,0,29259.8533251665,148659.651174942,265231.772004466,17203.2527044434,65902.3809745939,0,25487.8958376639,0,29259.8533251665,149991.33332507,287844.716166938,0.494326150204388,0.0750801639486372,0.278529686251268,"WP","PP","WP",0.536471061985293,0.0865956900886241,0.190214117078237,"WP","PP","MP","Lowland river"
"27","13_P_L",215740.101481715,0,4170.86038504924,0,6742.88281160296,1779.45205246403,0,1833.75235100581,14526.947600122,21.3240538832114,4170.86038504924,0,10356.0872150728,0,0,0,14548.2716540053,0.0673354072810302,0,0.0383348883429529,"PP","NP","PP",0.0674342486820343,0.0000988414010040631,0.0241660237254109,"PP","NP","PP","Lower foothill"
"28","13_P_M",4377.76976835622,0,0,0,0,0,0,0,0,1659.97228076527,0,0,0,0,0,0,1659.97228076527,0,0,0,"NP","NP","NP",0.379182179191796,0.379182179191796,0.379182179191796,"WP","WP","WP","Mountain stream"
"29","13_P_U",91026.6132518822,0,0,0,0,0,162.650182528769,0,162.650182528769,6119.32471495431,0,0,0,0,162.650182528769,0,6281.97489748308,0.00178684207528072,0.00178684207528072,0.00178684207528072,"NP","NP","NP",0.0690125082441555,0.0690125082441555,0.0690125082441555,"PP","PP","PP","Upper foothill"
"30","14_N_F",25882.0604649125,0,0,0,0,0,0,0,0,0,0,0,0,0,0,0,0,0,0,0,"NP","NP","NP",0,0,0,"NP","NP","NP","Lowland river"
"31","14_N_L",311766.013096091,0,1990.0116872732,0,0,5227.57154187452,0,0,7217.58322914773,0,7217.58322914773,0,0,0,0,0,7217.58322914773,0.0231506415900542,0,0.00805979079151962,"PP","NP","NP",0.0231506415900542,0,0.0115753207950271,"PP","NP","PP","Lower foothill"
"32","14_N_M",54738.4121435363,0,0,0,0,0,0,0,0,0,0,0,0,0,0,0,0,0,0,0,"NP","NP","NP",0,0,0,"NP","NP","NP","Mountain stream"
"33","14_N_U",458906.134771759,0,11292.3019673401,4647.4966614755,0,1337.68377183836,0,0,17277.482400654,0,15284.4036616342,4647.4966614755,0,408.309958622197,0,0,20340.2102817319,0.0376492731116944,0.0101273360919155,0.0350258272620256,"PP","PP","PP",0.0443232476982428,0.0101273360919155,0.0267804188287981,"PP","PP","PP","Upper foothill"
"34","14_P_F",472507.060726363,1958.75943852396,1774.52009349148,0,0,26710.4384947145,0,0,30443.71802673,3484.61029199716,20733.1410522031,0,447.443904275055,19429.3567218678,0,0,44094.5519703432,0.0644301864609817,0.0041454606742021,0.0135539210179036,"PP","NP","PP",0.0933204085935959,0.00737472639380336,0.0295983174682768,"PP","NP","PP","Lowland river"
"35","14_P_L",2299388.46057316,29776.2782403981,9534.85183199899,0,0,44825.7533825844,0,0,84136.8834549814,26827.8329483046,44045.9320713951,0,13171.6087397002,8860.65695683515,0,0,92906.0307162351,0.0365909827319951,0.012949651070692,0.0190458055094089,"PP","PP","PP",0.0404046694628869,0.0116673773954738,0.0229636194628681,"PP","PP","PP","Lower foothill"
"36","14_P_M",309182.278150968,4621.82338558715,12374.3229105032,0,268.658130433893,410.623819862953,0,0,17675.4282463872,7728.72946730921,11302.5160912168,0,268.658130433893,410.623819862953,0,0,19710.5275088228,0.0571683097494889,0.0149485391375841,0.0555385575330712,"PP","PP","PP",0.0637505086860074,0.0249973236290581,0.0435360817979199,"PP","PP","PP","Mountain stream"
"37","14_P_U",2927831.20478517,75778.3651622288,21002.0950445791,0,660.462870822316,5730.68024169275,0,0,103171.603319323,98791.2976646079,23646.0446707679,954.734479065108,674.71300788306,1855.86049883099,0,0,125922.650321155,0.0352382347557133,0.025882081261508,0.0333638631580729,"PP","PP","PP",0.0430088490468133,0.0340682317958257,0.038175516470603,"PP","PP","PP","Upper foothill"
"38","15_N_F",5740.39804225053,0,0,0,0,0,0,0,0,0,0,0,0,0,0,0,0,0,0,0,"NP","NP","NP",0,0,0,"NP","NP","NP","Lowland river"
"39","15_N_L",473256.179254681,178.233530397738,3974.99633402416,0,1594.18357981991,6351.17782449097,0,0,12098.5912687328,96.884814240632,6866.57668764852,0,5232.01458108425,0,0,0,12195.4760829734,0.0255645711542246,0.000376611100310267,0.0118021479309099,"PP","NP","PP",0.0257692907511102,0.000204719596885588,0.0107759343796032,"PP","NP","PP","Lower foothill"
"40","15_N_M",146727.442321257,2461.97406888646,0,18170.962596332,0,0,0,0,20632.9366652184,5336.38296553951,2262.38107924098,18170.962596332,0,0,0,0,25769.7266411124,0.140620843236966,0.140620843236966,0.140620843236966,"MP","MP","MP",0.175629904218532,0.160210967968777,0.167920436093654,"MP","MP","MP","Mountain stream"
"41","15_N_U",882760.41108747,12068.9186491995,1370.36135733977,0,459.482467351076,347.082576657537,0,0,14245.8450505479,10752.7148862945,12068.9186491995,0,1829.84382469084,358.946562531108,0,0,25010.423922716,0.0161378386158012,0.0136717941783681,0.0155237245868321,"PP","PP","PP",0.028332063387285,0.0121807851272445,0.0196385419424793,"PP","PP","PP","Upper foothill"
"42","15_P_F",600616.588628708,25359.6234415665,79.0085872364296,0,0,0,0,0,25438.6320288029,1917.65390024753,23441.9695413189,0,0,0,0,79.0085872364296,25438.6320288029,0.0423541948564605,0.0422226490604697,0.0423541948564605,"PP","PP","PP",0.0423541948564605,0.0031928087511299,0.0227208834853989,"PP","NP","PP","Lowland river"
"43","15_P_L",2188706.67696741,23352.1655046553,25290.9872903932,2479.83693457876,10163.2968292165,5210.21130673782,0,373.534342720771,66870.0322083023,24500.037891413,48413.2153903444,2479.83693457876,15099.4469251347,0,0,5831.79173436542,96324.3288758362,0.0305523042041225,0.011802404913858,0.0259686326065755,"PP","PP","PP",0.0440097021174621,0.0123268572759937,0.0257227230878408,"PP","PP","PP","Lower foothill"
"44","15_P_M",653748.5561604,107218.722175581,9624.65211128754,109217.621487496,3030.04419728396,0,0,0,229091.039971649,105714.283637576,22305.0749100239,109024.354271281,5304.01193115302,71.5528030709217,0,0,242419.277553105,0.350426838901409,0.331069708106513,0.348109400362745,"WP","WP","WP",0.370814245429288,0.328472829324567,0.347966166501791,"WP","WP","WP","Mountain stream"
"45","15_P_U",2310447.57104808,148529.894332418,57257.0535965952,75738.2668725536,9082.43694506593,2530.85525365232,0,0,293138.507000285,144056.143458158,94891.0452973685,76118.77246231,21158.0727350209,841.105889169717,0,0,337065.139842027,0.12687520403993,0.0970669769854321,0.123923832934925,"MP","PP","MP",0.145887378733777,0.0952953525885856,0.118577830470042,"MP","PP","MP","Upper foothill"
"46","16_N_L",40072.6925801995,0,0,0,0,0,0,0,0,0,0,0,0,0,0,0,0,0,0,0,"NP","NP","NP",0,0,0,"NP","NP","NP","Lower foothill"
"47","16_N_M",56406.67558181,0,0,0,0,0,0,0,0,0,0,0,0,0,0,0,0,0,0,0,"NP","NP","NP",0,0,0,"NP","NP","NP","Mountain stream"
"48","16_N_U",205624.880755142,0,0,0,0,0,0,0,0,0,0,0,0,0,0,0,0,0,0,0,"NP","NP","NP",0,0,0,"NP","NP","NP","Upper foothill"
"49","16_P_F",417042.61666961,0,8356.73965454224,0,0,9380.07314012908,0,0,17736.8127946713,0,8021.98915832426,0,5024.78706628252,4690.03657006454,0,0,17736.8127946713,0.0425299767594801,0,0.0222872833543499,"PP","NP","PP",0.0425299767594801,0,0.013232294442989,"PP","NP","PP","Lowland river"
"50","16_P_L",4075777.5232424,3995.20818816359,49203.0601728848,8219.03508935848,1296.1661758661,27523.2311176062,0,0,90236.7007438792,3995.20818816359,70922.6465225273,8219.03508935848,1296.1661758661,10996.6975051204,0,0,95429.7534810358,0.0221397513061737,0.00299678851651483,0.0159031520441126,"PP","NP","PP",0.0234138769687112,0.00299678851651483,0.0117926987225026,"PP","NP","PP","Lower foothill"
"51","16_P_M",732780.409567114,17894.2307527949,17300.649749701,2441.68129295027,1638.9287641591,143.28827717507,0,2349.20069197713,41767.9795287575,17894.2307527949,16402.1158068748,2441.68129295027,4161.913975343,143.28827717507,0,2349.20069197713,43392.4307971152,0.0569993124590103,0.0277517135832799,0.0534609204904629,"PP","PP","PP",0.0592161447421186,0.0277517135832799,0.0409678859028417,"PP","PP","PP","Mountain stream"
"52","16_P_U",6628821.18171514,26126.9967458943,57833.5027180007,16614.1150687522,590.850999471363,11553.7887454915,0,2136.00990559334,114855.264183203,29138.3723552517,70539.4075112976,16614.1150687522,4294.88560077799,1125.18712229883,0,2136.00990559334,123847.977563972,0.0173266499479604,0.00644776961740092,0.0154878550898014,"PP","NP","PP",0.0186832581795376,0.00690205485557628,0.0124493112105783,"PP","NP","PP","Upper foothill"
"53","17_N_M",1950.64528383367,0,0,0,0,0,0,0,0,0,0,0,0,0,0,0,0,0,0,0,"NP","NP","NP",0,0,0,"NP","NP","NP","Mountain stream"
"54","17_N_U",2095.6438150844,0,0,0,0,0,0,0,0,0,0,0,0,0,0,0,0,0,0,0,"NP","NP","NP",0,0,0,"NP","NP","NP","Upper foothill"
"55","17_P_F",36610.4041393743,1988.34865792139,0,0,0,0,0,200.666154919228,2189.01481284061,1988.34865792139,0,0,1871.7380835254,0,0,200.666154919228,4060.75289636601,0.059792151010055,0.0543110272793445,0.0559553643985577,"PP","PP","PP",0.110918002459271,0.0543110272793445,0.0701968950871802,"MP","PP","PP","Lowland river"
"56","17_P_L",1461003.31661882,13857.094044579,169.082815339289,3709.31641584682,31233.1034933954,0,0,0,48968.5967691605,9876.66119214252,37893.5414684857,3709.31641584682,9092.24692301193,0,0,5405.04645298096,65976.8124524679,0.033517101715065,0.0120235253819132,0.0228281788570124,"PP","PP","PP",0.0451585644618227,0.00929907376215349,0.024504343458499,"PP","NP","PP","Lower foothill"
"57","17_P_M",111164.858167816,227.317855803239,259.880319815294,0,2461.66274983509,0,0,0,2948.86092545362,227.317855803239,259.880319815294,0,2461.66274983509,0,0,0,2948.86092545362,0.0265269166358489,0.00204487154978488,0.0154547901095013,"PP","NP","PP",0.0265269166358489,0.00204487154978488,0.00985704348227785,"PP","NP","NP","Mountain stream"
"58","17_P_U",1994900.81687793,22474.3724848401,11799.5670569328,0,7034.65533180354,0,0,2127.48632649278,43436.0812000692,15537.5671568505,21919.9441674123,6936.80532798957,7903.48145746963,0,0,10314.8066604602,62612.6047701822,0.0217735542702558,0.0112659097107459,0.0192638715571663,"PP","PP","PP",0.031386324693662,0.0112659097107459,0.0184655143554875,"PP","PP","PP","Upper foothill"
"59","18_N_F",8077.42471529578,0,0,0,0,0,0,0,0,0,0,0,0,0,0,0,0,0,0,0,"NP","NP","NP",0,0,0,"NP","NP","NP","Lowland river"
"60","18_N_L",1633782.45699906,34319.4828594738,52749.615169662,0,5260.31266410985,10476.0644956946,0,0,102805.47518894,7000.4633613673,74673.2764261541,0,17291.4175413611,3840.31786005769,0,0,102805.47518894,0.0629248249964527,0.0210061521425025,0.0555440293914311,"PP","PP","PP",0.0629248249964527,0.00428481976371922,0.0303128036567486,"PP","NP","PP","Lower foothill"
"61","18_N_M",624191.606392944,62513.3512789373,60991.2464970622,5951.7446591418,5799.26194209122,843.067852887003,0,0,136098.67223012,49816.4248034426,75973.5687094472,1226.84702922708,8562.20965456296,519.622033439634,0,0,136098.67223012,0.218039894859531,0.10968602467073,0.212178886795381,"WP","MP","WP",0.218039894859531,0.0817750051584909,0.146747758453674,"WP","PP","MP","Mountain stream"
"62","18_N_U",5850307.69968309,419555.78108946,512234.81835633,4734.31374466613,72812.2797184201,27939.5139304335,0,0,1037276.70683931,263272.790418298,642725.784937926,0,118352.665602583,12925.4658805025,0,0,1037276.70683931,0.177302931757846,0.0725244066832775,0.166781826620088,"MP","PP","MP",0.177302931757846,0.0450015287969484,0.106001515544495,"MP","PP","MP","Upper foothill"
"63","18_P_F",15011.8238872434,0,0,0,0,0,0,0,0,0,0,0,0,0,0,0,0,0,0,0,"NP","NP","NP",0,0,0,"NP","NP","NP","Lowland river"
"64","18_P_L",2419014.43761511,9080.5612693737,132744.377562968,0,2344.03331297932,14102.0861936608,0,0,158271.058338982,67162.686590386,72912.689097176,0,11219.0527723069,6976.62987911336,0,0,158271.058338982,0.0654279097627135,0.00375382681813432,0.0596966937702811,"PP","NP","PP",0.0654279097627135,0.0277644835624054,0.0442265847227194,"PP","PP","PP","Lower foothill"
"65","18_P_M",85594.8370083992,0,0,0,711.744455612907,0,0,0,711.744455612907,0,0,0,711.744455612907,0,0,0,711.744455612907,0.00831527321610608,0,0.00415763660805304,"NP","NP","NP",0.00831527321610608,0,0.00249458196483182,"NP","NP","NP","Mountain stream"
"66","18_P_U",1195913.30033669,0,23287.4454438458,0,6352.05405796279,105.06954696675,0,0,29744.5690487753,612.138834041988,21257.7139112839,0,7874.71630344944,0,0,0,29744.5690487753,0.0248718440044118,0,0.0221370390479566,"PP","NP","PP",0.0248718440044118,0.000511858872938074,0.0113749137808644,"PP","NP","PP","Upper foothill"
"67","19_N_F",8379.07462880418,0,0,188.034212941074,0,3785.52610148228,0,0,3973.56031442336,188.034212941074,3785.52610148228,0,0,0,0,0,3973.56031442336,0.474224241990126,0.0224409282971036,0.0676192596664058,"WP","PP","PP",0.474224241990126,0.0224409282971036,0.248332585143615,"WP","PP","WP","Lowland river"
"68","19_N_L",791929.90938896,9382.86671817227,10952.8297816276,2789.50668949937,10233.6236142927,680.521741676048,0,0,34039.348545268,14121.5138686888,9855.12033656443,1971.28080762453,7883.9993116753,207.434220714923,0,0,34039.348545268,0.0429827793365352,0.0153705186069606,0.0357481979591562,"PP","PP","PP",0.0429827793365352,0.0203209835687734,0.0295298287902044,"PP","PP","PP","Lower foothill"
"69","19_N_M",460379.690577997,85149.7095505316,42057.9256969617,76717.7977864677,22392.8497614637,281.74057488265,0,1993.79630033571,228593.819670643,86715.0769835307,52336.2894995677,57335.2249351479,25812.8841223317,0,0,6394.344130065,228593.819670643,0.496533240603312,0.35159567341856,0.468630948058144,"WP","WP","WP",0.496533240603312,0.312894562611627,0.387944451011593,"WP","WP","WP","Mountain stream"
"70","19_N_U",3522215.43846789,176824.412675567,98079.0366131681,98110.5276494347,19378.2075812563,7579.5716803042,0,0,399971.756199731,107342.94272156,137962.533159853,93341.5718673022,54426.8527759257,1216.01580435273,0,5681.83987073613,399971.756199731,0.113556868734217,0.0780573889155952,0.108869274067922,"MP","PP","MP",0.113556868734217,0.0569767858027893,0.081358459184226,"MP","PP","PP","Upper foothill"
"71","19_P_F",153588.193194327,0,1351.35459171969,0,38.9767936496214,321.225483720026,0,0,1711.55686908934,0,1351.35459171969,0,0,321.225483720026,0,38.9767936496214,1711.55686908934,0.011143804959824,0,0.00913459236506163,"PP","NP","NP",0.011143804959824,0,0.00442465635600635,"PP","NP","NP","Lowland river"
"72","19_P_L",1954122.26833324,121897.614505659,95191.4243791261,6133.19658605251,27103.3598072424,68271.1378431677,0,6234.20438606909,324830.937507316,105678.859176675,62912.9266231005,10726.206961726,100180.820459035,12067.0982669258,0,46595.1506187482,338161.062106211,0.166228563468743,0.0655183215331324,0.125617160426696,"MP","PP","MP",0.173050104175234,0.0595689778601665,0.0934308428946278,"MP","PP","PP","Lower foothill"
"73","19_P_M",383360.560550665,41513.2374535968,104296.64891359,15333.2186323772,52006.2570655072,634.389419141454,2289.25886272965,3697.29171528839,219770.30206223,44430.3393588459,81705.3623814792,14347.0512373044,56770.467177788,155.908554183251,2289.25886272965,20071.9144899,219770.30206223,0.573273113297176,0.154256126044266,0.497203255801158,"WP","MP","WP",0.573273113297176,0.159292988749711,0.315519317058073,"WP","MP","WP","Mountain stream"
"74","19_P_U",2112260.05162648,121233.315235578,102623.397350729,22168.7647622685,66090.882123412,13270.2829078581,7293.57720510554,466.390177347323,333146.609762299,96777.2208222619,95114.3528389656,36919.5721813378,70887.6968940658,3693.34305561107,7293.57720510554,24208.6418413945,334894.404838742,0.157720451847664,0.0713433258783232,0.136267047581448,"MP","PP","MP",0.15854790444996,0.0667485852890794,0.100477552334109,"MP","PP","MP","Upper foothill"
"75","1_N_F",45314.3492655055,192.244314009704,18543.6300751408,0,0,4981.75702741379,0,0,23717.6314165643,9464.05935158009,13847.3019474912,0,0,406.270117493012,0,0,23717.6314165643,0.523402229117273,0.00424245999613296,0.424458265508699,"WP","NP","WP",0.523402229117273,0.208853475885273,0.361645054843597,"WP","WP","WP","Lowland river"
"76","1_N_L",694177.473988492,49263.6505959652,120498.650937935,7479.29110804473,2727.50651363888,8170.3708037823,0,0,188139.469959366,52911.3278468429,133457.986360968,0,0,1770.1557515548,0,0,188139.469959366,0.27102502891427,0.0817412604560409,0.258467596115222,"WP","PP","WP",0.27102502891427,0.0762216145430844,0.172348319428916,"WP","PP","MP","Lower foothill"
"77","1_N_M",6968.0500499585,0,5138.62212003674,0,0,0,0,0,5138.62212003674,0,5138.62212003674,0,0,0,0,0,5138.62212003674,0.737454823543833,0,0.737454823543833,"WP","NP","WP",0.737454823543833,0,0.368727411771917,"WP","NP","WP","Mountain stream"
"78","1_N_U",707736.494475549,43739.5184266183,49228.6702831285,4700.12216863654,0,1567.5979584864,0,0,99235.9088368697,29686.5080009095,65970.3975109306,3006.99707332499,0,572.006251704582,0,0,99235.9088368697,0.140215899012536,0.0684430447961425,0.138222447814738,"MP","PP","MP",0.140215899012536,0.0461944598440713,0.09280106980829,"MP","PP","PP","Upper foothill"
"79","1_P_F",1478474.55647813,54694.0211159702,89437.2066107503,0,42301.7538693477,2944.09193623237,0,0,189377.0735323,45271.5655006464,121415.983585438,0,28627.9090727368,232.156650291947,0,0,195547.614809114,0.128089504619826,0.0369935491120365,0.111991453034834,"MP","PP","MP",0.132263091003018,0.0306204562684444,0.0774906335135711,"MP","PP","PP","Lowland river"
"80","1_P_L",1004474.5382804,13608.5592554333,69753.9515457731,0,1265.40593771799,5654.69665809651,0,0,90282.6133970209,13612.6558175549,70939.5989631322,0,5227.10365582127,8.41192314501098,0,0,89787.7703596534,0.0898804399279039,0.0135479384860569,0.084183998910154,"PP","PP","PP",0.0893878012212876,0.0135520167996084,0.0504249579910487,"PP","PP","PP","Lower foothill"
"81","1_P_M",4778.9301126457,3155.91667756451,0,0,0,82.3208139926052,0,0,3238.23749155711,3155.91667756451,0,0,0,82.3208139926052,0,0,3238.23749155711,0.677607208146505,0.660381424958177,0.66210400327701,"WP","WP","WP",0.677607208146505,0.660381424958177,0.660381424958177,"WP","WP","WP","Mountain stream"
"82","1_P_U",60293.7280840812,11533.9590336545,0,0,17.3295770747318,0,0,0,11551.2886107292,11533.9590336545,8.66478853736592,0,8.66478853736592,0,0,0,11551.2886107292,0.191583585520216,0.191296166287314,0.191439875903765,"MP","MP","MP",0.191583585520216,0.191296166287314,0.191411133980474,"MP","MP","MP","Upper foothill"
"83","20_N_F",37107.5659989359,0,26265.3649019917,0,0,0,0,0,26265.3649019917,0,26265.3649019917,0,0,0,0,0,26265.3649019917,0.707816969260256,0,0.707816969260256,"WP","NP","WP",0.707816969260256,0,0.353908484630128,"WP","NP","WP","Lowland river"
"84","20_N_L",310333.681170983,4697.90597002068,23188.9354308276,0,2583.11341041546,329.495769521479,0,0,30799.4505807852,4414.73774144802,23472.1036594003,0,2665.93447468668,246.674705250262,0,0,30799.4505807852,0.0992462386440607,0.0151382407229987,0.0941288343978163,"PP","PP","PP",0.0992462386440607,0.0142257769920103,0.0546204648157897,"PP","PP","PP","Lower foothill"
"85","20_N_M",32535.5626721596,4625.77275853112,2133.72739086343,0,685.137233323497,0,0,0,7444.63738271805,2896.69791848114,3862.80223091341,0,685.137233323497,0,0,0,7444.63738271805,0.228815387572454,0.142175895500629,0.218286336020046,"WP","MP","WP",0.228815387572454,0.089031744976085,0.154711945653306,"WP","PP","MP","Mountain stream"
"86","20_N_U",610437.17720854,76921.892229527,13088.0196297141,0,6334.71823124289,1122.03990255251,0,0,97466.6699930365,38076.6104372844,44752.5486998667,0,14799.648098405,0,0,0,97628.8072355561,0.159666995445364,0.126011152501036,0.152824038980915,"MP","MP","MP",0.159932603846315,0.0623759689922629,0.106305417886713,"MP","PP","MP","Upper foothill"
"87","20_P_F",301062.221272897,33362.7692960495,82092.8867695821,0,3197.81873308484,0,0,0,118653.474798716,143.063710261558,71811.8863741088,1878.08367980144,17932.981953002,0,0,50313.8606458745,142079.876363048,0.39411612090367,0.110816857575125,0.388805227495051,"WP","MP","WP",0.471928612505188,0.00671338762305529,0.160559405372185,"WP","NP","MP","Lowland river"
"88","20_P_L",565278.495686836,63266.2156030226,20407.7288692229,0,17433.3253961923,2028.73017847111,0,0,103136.000046909,52364.2873694755,11959.9478225823,6794.1322039956,19578.4023414059,0,0,12439.2303094497,103136.000046909,0.18245166025924,0.111920435830752,0.16380152596409,"MP","MP","MP",0.18245166025924,0.104653582304756,0.127823431758774,"MP","MP","MP","Lower foothill"
"89","20_P_M",129732.187540563,49092.6500306712,20817.5629682779,4738.82484303688,8833.63767702216,0,0,0,83482.6755190081,30892.5691563669,23615.9807328383,19083.4206624238,9890.70496737918,0,0,0,83482.6755190081,0.643500098947346,0.414943090795233,0.6094544320836,"WP","WP","WP",0.643500098947346,0.385224289871507,0.499114313132027,"WP","WP","WP","Mountain stream"
"90","20_P_U",875134.261467306,187041.943129267,65629.0945050869,37704.5542489843,15512.9187321796,653.339185531252,2052.19703263666,0,308594.046833686,121685.216519955,70907.3504094318,92323.9050822154,21618.3488355731,7.02895387359877,2052.19703263666,0,308594.046833686,0.352624803325923,0.259158742146174,0.343089735393516,"WP","WP","WP",0.352624803325923,0.246889338182858,0.294812476039522,"WP","WP","WP","Upper foothill"
"91","21_N_F",23347.0514446664,0,0,0,0,0,0,0,0,0,0,0,0,0,0,0,0,0,0,0,"NP","NP","NP",0,0,0,"NP","NP","NP","Lowland river"
"92","21_N_L",3397027.88123237,100144.454505015,74829.8077014009,44240.2775039681,10129.917167963,4239.6682893624,0,0,233584.12516771,44028.5886128078,138638.807048128,26254.3328385072,23602.396542119,1060.00012614753,0,0,233584.12516771,0.0687613211708379,0.0425032519770205,0.0661470770860393,"PP","PP","PP",0.0687613211708379,0.0206895332945627,0.0431798174952869,"PP","PP","PP","Lower foothill"
"93","21_N_M",479169.708985965,11706.1097569807,1674.12834746154,22083.2854653994,5009.68452760797,0,0,0,40473.2080974495,5959.30376631156,6103.43880592644,22083.2854653994,6327.18005981219,0,0,0,40473.2080974495,0.0844652893086676,0.0705165510021205,0.0792378256004444,"PP","PP","PP",0.0844652893086676,0.0585232929081757,0.0688533979379406,"PP","PP","PP","Mountain stream"
"94","21_N_U",7216204.39002568,258397.307132607,210438.446707308,175979.676211173,3057.9586795616,10102.6801176857,0,0,657976.068848335,94977.6330217549,360185.082475781,146737.924791029,50867.7952765175,5052.06914453586,0,0,657820.504709618,0.0911803537269256,0.0601946618840481,0.0897084730994341,"PP","PP","PP",0.0911587961143208,0.0334962183370091,0.0605676355616743,"PP","PP","PP","Upper foothill"
"95","21_P_F",2804.51661193631,0,0,0,0,2709.47176612477,0,0,2709.47176612477,0,0,0,0,2709.47176612477,0,0,2709.47176612477,0.966110079217564,0,0.0966110079217564,"WP","NP","PP",0.966110079217564,0,0,"WP","NP","NP","Lowland river"
"96","21_P_L",599502.951979188,8654.72840826944,21275.9150793664,6463.4875486921,0,31397.2014039588,0,0,67791.3324402867,12070.7746605995,13390.1853202602,4799.8199811152,18826.6255362922,18703.9269420196,0,0,67791.3324402867,0.113079230413264,0.0252179174548692,0.0659443811681119,"MP","PP","PP",0.113079230413264,0.0281409700920045,0.0487298267110896,"MP","PP","PP","Lower foothill"
"97","21_P_M",4435.52982995588,431.552016972852,0,0,0,0,0,0,431.552016972852,316.684390594222,0,114.86762637863,0,0,0,0,431.552016972852,0.0972943556953025,0.0972943556953025,0.0972943556953025,"PP","PP","PP",0.0972943556953025,0.0972943556953025,0.0972943556953025,"PP","PP","PP","Mountain stream"
"98","21_P_U",115019.248421261,0,0,0,0,0,0,0,0,0,0,0,0,0,0,0,0,0,0,0,"NP","NP","NP",0,0,0,"NP","NP","NP","Upper foothill"
"99","22_N_L",321393.814302824,0,0,0,10322.0228464034,0,0,0,10322.0228464034,0,0,0,10322.0228464034,0,0,0,10322.0228464034,0.0321164328218145,0,0.0160582164109073,"PP","NP","PP",0.0321164328218145,0,0.00963492984654436,"PP","NP","NP","Lower foothill"
"100","22_N_M",40951.0961537509,0,3341.8157611299,0,302.343956076155,0,0,0,3644.15971720605,0,3341.8157611299,0,302.343956076155,0,0,0,3644.15971720605,0.0889880872425014,0,0.0852965626622923,"PP","NP","PP",0.0889880872425014,0,0.0430174337891671,"PP","NP","PP","Mountain stream"
"101","22_N_U",471956.737718359,0,0,0,9472.55919329046,620.861809084925,0,3313.52383739812,13406.9448397735,0,56.9337594435147,0,13226.562477184,123.448603146027,0,0,13406.9448397735,0.0284071478767067,0,0.0122732074062047,"PP","NP","PP",0.0284071478767067,0,0.00846780076114058,"PP","NP","NP","Upper foothill"
"102","22_P_F",368011.82223739,15715.4189886962,1686.39909099903,0,5174.32675503811,0,0,0,22576.1448347333,15715.4189886962,1686.39909099903,0,5174.32675503811,0,0,0,22576.1448347333,0.0613462488717831,0.0427035710242992,0.0543161394535857,"PP","PP","PP",0.0613462488717831,0.0427035710242992,0.0492128661807622,"PP","PP","PP","Lowland river"
"103","22_P_L",982205.51757877,8.1615702643072,32128.9080645818,0,12288.278521809,8560.94576479555,0,752.184200319052,53738.4781217697,1258.57578949517,14864.2620099833,0,31356.129741015,8560.94576479555,0,1051.88265556268,57091.7959608517,0.0547120507470169,0.00000830943231150467,0.0400760920477817,"PP","NP","PP",0.0581261201846925,0.00128137723416345,0.018532510413115,"PP","NP","PP","Lower foothill"
"104","22_P_M",143028.697180264,6837.04222558708,43538.7209577798,0,34414.3955584606,0,0,3772.24478873489,88562.4035305624,10578.8198922084,32743.4921404137,0,45322.3629602637,0,0,1610.13774464059,90254.8127375263,0.619193247764427,0.0478018912314507,0.480425507285537,"WP","PP","WP",0.631025902611523,0.0739629186363594,0.284616230361466,"WP","PP","WP","Mountain stream"
"105","22_P_U",634133.222731253,22049.9126535694,31205.9773286072,0,19065.462435339,2273.83580116888,0,105.20284083855,74700.3910595231,28325.247948114,28288.0654952221,0,19711.0397108452,1136.91790058444,0,1006.45032181462,78467.7213765803,0.117799207456414,0.0347717354384919,0.0994232179803868,"MP","PP","PP",0.123740120472816,0.0446676611991961,0.0764559179415637,"MP","PP","PP","Upper foothill"
"106","23_N_F",2247.16526010169,0,0,0,539.259006292124,77.5114074215241,0,0,616.770413713648,0,0,0,0,77.5114074215241,0,539.259006292124,616.770413713648,0.27446597927815,0,0.123435801012544,"WP","NP","MP",0.27446597927815,0,0.0239973007711823,"WP","NP","PP","Lowland river"
"107","23_N_L",69237.6489363091,0,0,0,0,0,0,0,0,0,0,0,0,0,0,0,0,0,0,0,"NP","NP","NP",0,0,0,"NP","NP","NP","Lower foothill"
"108","23_N_M",121106.727159035,17959.3397460421,7945.01059681722,30749.2964330665,4748.79419037742,0,0,0,61402.4409663033,7415.01716041988,4823.6939865235,36873.1435895763,9934.64750003377,0,0,2355.93872974983,61402.4409663033,0.50701098449858,0.40219595824058,0.487405161181509,"WP","WP","WP",0.50701098449858,0.365695298592603,0.412165344049751,"WP","WP","WP","Mountain stream"
"109","23_N_U",409379.101988443,17114.3986256302,583.150272707885,18125.3215604424,1582.05767314963,781.64253497314,0,0,38186.5706669032,6722.91552079411,907.846137634501,27708.8747230368,2066.83881062142,456.415217160732,0,323.68025765561,38186.5706669032,0.0932792379518709,0.0860808966918575,0.0896285701215115,"PP","PP","PP",0.0932792379518709,0.0841073471425099,0.0868098366745732,"PP","PP","PP","Upper foothill"
"110","23_P_F",114283.761802501,0,0,0,0,0,0,0,0,0,0,0,0,0,0,0,0,0,0,0,"NP","NP","NP",0,0,0,"NP","NP","NP","Lowland river"
"111","23_P_L",647463.891095327,12187.0426262377,10991.86178273,12091.8034374964,4003.37321589657,2915.14278970577,0,0,42189.2238520665,16589.8470433788,4565.1599457016,9122.20305163969,8700.14862133201,0,0,3211.86519001435,42189.2238520665,0.0651607362700863,0.037498378515999,0.0580169940748903,"PP","PP","PP",0.0651607362700863,0.0397119444785113,0.0477646114302258,"PP","PP","PP","Lower foothill"
"112","23_P_M",334547.942247815,100854.956576615,47996.6862408345,25775.2202929003,86853.7990997424,1101.34153741535,0,0,262582.003747507,71282.2574469162,75420.9889252053,25820.0247632218,69550.180748156,224.513954014238,0,20284.0379099939,262582.003747507,0.78488602256295,0.378511301007239,0.652115494562983,"WP","WP","WP",0.78488602256295,0.290249228728508,0.47140100049208,"WP","WP","WP","Mountain stream"
"113","23_P_U",1119350.87078135,166112.702210415,90860.3704003501,59387.6888997938,61469.1311198828,10976.6974949022,0,0,388806.590125344,113647.426450871,136321.52744067,54714.188801451,57440.7486011634,504.497934574312,0,26178.2008966146,388806.590125344,0.347350058211813,0.201456394948621,0.311066892347115,"WP","WP","WP",0.347350058211813,0.150410045363881,0.229036694690478,"WP","MP","WP","Upper foothill"
"114","24_N_F",47252.9674656556,0,0,0,0,0,0,2083.91485283133,2083.91485283133,0,0,0,0,0,0,2083.91485283133,2083.91485283133,0.0441012483363285,0,0.0132303745008985,"PP","NP","PP",0.0441012483363285,0,0.00441012483363285,"PP","NP","NP","Lowland river"
"115","24_N_L",445762.118199506,0,0,8778.95389871258,7245.78991209885,0,0,0,16024.7438108114,0,0,8778.95389871258,5046.92284306145,0,0,2198.8670690374,16024.7438108114,0.0359490929277202,0.0196942574083504,0.0278216751680353,"PP","PP","PP",0.0359490929277202,0.0196942574083504,0.0235841428181423,"PP","PP","PP","Lower foothill"
"116","24_N_M",80314.6149557962,234.630961767081,344.881534088517,5375.14812461164,10142.4167520657,153.302491039631,0,0,16250.3798635725,204.798049685604,305.993462740087,5375.14812461164,8594.35681038246,153.302491039631,0,1616.78092511312,16250.3798635725,0.202334031888424,0.0698475500314139,0.137474346999994,"WP","PP","MP",0.202334031888424,0.0694760994293299,0.105496714962236,"WP","PP","MP","Mountain stream"
"117","24_N_U",429145.990998567,0,59.4964201916329,5471.08055792296,1743.05169844463,245.570286021724,0,0,7519.19896258095,99.611476048849,59.4964201916329,5471.08055792296,1012.57677458592,145.958809972875,0,730.474923858714,7519.19896258095,0.0175213077141528,0.0127487630612428,0.0149754628744989,"PP","PP","PP",0.0175213077141528,0.0129808786539274,0.0139282689206089,"PP","PP","PP","Upper foothill"
"118","24_P_F",318181.461051723,48.8427335572972,0,0,4795.62345447507,9230.9002574272,0,10405.9935725559,24481.3600180155,48.8427335572972,0,2779.40031028552,4795.62345447507,3225.74997357084,0,13631.7435461267,24481.3600180155,0.0769415035593033,0.000153505906333611,0.0204020137969291,"PP","NP","PP",0.0769415035593033,0.00888877382891601,0.0176946337985505,"PP","NP","PP","Lowland river"
"119","24_P_L",558368.061846397,0,3634.39303617933,0,22047.4825671307,211.367444116891,0,3833.30289746882,29726.5459448957,0,13791.6524816526,0,5487.7920702407,0,0,10441.5814502623,29721.0260021557,0.0532382633895584,0,0.0283491535691587,"PP","NP","PP",0.0532283775398523,0,0.0171684640687094,"PP","NP","PP","Lower foothill"
"120","24_P_M",78796.0997761272,4074.95081176541,5153.39479514395,10448.9400864883,11221.6462930956,0,0,487.742514737273,31386.6745012305,4074.95081176541,3161.8749433535,10448.9400864883,10972.7516032409,0,0,2728.15705638248,31386.6745012305,0.398327767369264,0.184322459354187,0.322787951010647,"WP","MP","WP",0.398327767369264,0.184322459354187,0.249624913065813,"WP","MP","WP","Mountain stream"
"121","24_P_U",399693.706165979,912.758878617796,7942.08466738627,1421.22975944331,9105.28760108903,1721.18127506766,0,2888.47372558934,23991.0159071934,1740.45433027191,10987.1658931337,2531.47687608234,4296.28876083828,610.934158428635,0,3824.69588843855,23991.0159071934,0.0600235018392578,0.00583944305866022,0.0396988421543628,"PP","NP","PP",0.0600235018392578,0.0106880121964699,0.0286140867208629,"PP","PP","PP","Upper foothill"
"122","25_N_F",24080.4290621342,6391.88060839166,0,0,0,0,0,0,6391.88060839166,6391.88060839166,0,0,0,0,0,0,6391.88060839166,0.265438817219528,0.265438817219528,0.265438817219528,"WP","WP","WP",0.265438817219528,0.265438817219528,0.265438817219528,"WP","WP","WP","Lowland river"
"123","25_N_L",877247.797191655,123036.303008312,0,5049.30913098046,29683.3226664787,129.778464023841,8589.08906433934,0,166487.802334135,77286.0403794996,12855.5659098022,50891.2432433264,16827.7567566765,38.1069804906321,8589.08906433934,0,166487.802334135,0.18978423527208,0.155799423653352,0.172732654180913,"MP","MP","MP",0.18978423527208,0.155903922614565,0.168985870518729,"MP","MP","MP","Lower foothill"
"124","25_N_M",50628.4512629629,2040.88076545002,0,0,0,0,0,0,2040.88076545002,2040.88076545002,0,0,0,0,0,0,2040.88076545002,0.0403109460103715,0.0403109460103715,0.0403109460103715,"PP","PP","PP",0.0403109460103715,0.0403109460103715,0.0403109460103715,"PP","PP","PP","Mountain stream"
"125","25_N_U",1081703.87133429,87531.8552322052,0,0,3437.78261330375,369.113054501543,1083.8212262436,0,92422.5721262541,48272.8804597449,2753.41572649361,39258.9747724604,787.713330280672,369.113054501543,1083.8212262436,0,92525.9185697246,0.0854416579024078,0.0819223068409112,0.0835454891726303,"PP","PP","PP",0.0855371983235981,0.0819223068409112,0.0834134930195659,"PP","PP","PP","Upper foothill"
"126","25_P_F",237488.445677664,0,0,0,0,0,0,0,0,0,0,0,0,0,0,0,0,0,0,0,"NP","NP","NP",0,0,0,"NP","NP","NP","Lowland river"
"127","25_P_L",192897.690520194,16168.4966533829,1340.94371742766,0,9044.63179263645,0,0,0,26554.072163447,13287.8306697668,11925.2977762525,0,1340.94371742766,0,0,0,26554.072163447,0.137658839210763,0.0838190266030699,0.114214722880896,"MP","PP","MP",0.137658839210763,0.0688853797779177,0.101881793504749,"MP","PP","MP","Lower foothill"
"128","26_N_F",869895.079598495,0,275.503125381798,0,1646.20899661406,46843.0576700566,1450.12811886957,0,50214.897910922,0,3901.97493931588,0,10524.9751128407,34337.8197398959,11284.9916971399,0,60049.7614891923,0.0577252350181116,0.00166701496867747,0.00831484357044818,"PP","NP","NP",0.0690310393719075,0.0129728193224734,0.0188453436341042,"PP","PP","PP","Lowland river"
"129","26_N_L",11599133.4528958,1375.40923117898,33829.850333336,0,10457.3057552574,20184.9833038007,5756.24065746197,0,71603.789281035,21098.6447247421,31879.3841633948,0,32099.7322181971,1407.12091393966,84807.3231782854,1409.89440125365,172702.099599813,0.00617320160784584,0.000614843334426889,0.0041562287067186,"NP","NP","NP",0.0148892242943111,0.00913050688942518,0.0113471036112142,"PP","NP","PP","Lower foothill"
"130","26_N_M",173056.85029569,0,847.714359358384,7345.97121007499,2824.9896742608,0,1487.58155115868,0,12506.2567948529,4849.55509649869,1972.11650427036,1372.01396866433,2824.9896742608,0,8181.85373242289,0,19200.5289761171,0.0722667538065339,0.0510442247512328,0.0641047259254245,"PP","PP","PP",0.110949257098522,0.083229428785834,0.0938245317897345,"MP","PP","PP","Mountain stream"
"131","26_N_U",9146133.04316664,1131.08146519798,38586.8571427976,21585.8859484804,11488.3864173095,2573.60833152086,7254.16111679791,0,82619.9804221042,24882.280875229,38496.3765232452,592.615028639247,19739.1833739693,1300.78307327223,112603.868048273,0,197615.106922628,0.00903332370436402,0.00327691805804953,0.00815202877141466,"NP","NP","NP",0.0216064107082142,0.015096955543994,0.0178489320519914,"PP","PP","PP","Upper foothill"
"132","26_P_F",3206359.02265253,98076.6531435386,34018.76967057,0,14920.5664561029,302201.446351116,22010.6705905007,296.873820542413,471524.98003237,13836.7829799801,127372.057023861,0,16186.9406541587,244108.347905243,22010.6705905007,48010.180878627,471524.98003237,0.147059320775093,0.03745286254148,0.0598422017180104,"MP","PP","PP",0.147059320775093,0.0111801121824546,0.0340543843016655,"MP","PP","PP","Lowland river"
"133","26_P_L",2305603.59146371,0,38483.3504414222,0,5427.90717194199,27059.6052372912,1066.85567776416,0,72037.7185284196,0,28077.2925617946,0,24245.8085482321,6937.38770050116,1066.85567776416,11710.3740401276,72037.7185284196,0.031244624529183,0.000462722942362726,0.0195047060107749,"PP","NP","PP",0.031244624529183,0.000462722942362726,0.0102143672981499,"PP","NP","PP","Lower foothill"
"134","26_P_M",4257.1826443,0,2190.41168344917,0,0,0,0,0,2190.41168344917,0,0,0,2190.41168344917,0,0,0,2190.41168344917,0.514521425662098,0,0.514521425662098,"WP","NP","WP",0.514521425662098,0,0.154356427698629,"WP","NP","MP","Mountain stream"
"135","26_P_U",237470.081996084,0,2127.47217029265,0,0,0,0,0,2127.47217029265,0,0,0,2127.47217029265,0,0,0,2127.47217029265,0.00895890611739348,0,0.00895890611739348,"NP","NP","NP",0.00895890611739348,0,0.00268767183521804,"NP","NP","NP","Upper foothill"
"136","27_N_F",5353.95765777203,0,0,0,0,0,0,0,0,0,0,0,0,0,0,0,0,0,0,0,"NP","NP","NP",0,0,0,"NP","NP","NP","Lowland river"
"137","27_N_L",870951.715431405,11051.8928825589,1463.2642013392,4390.30822198302,0,0,15721.3372428989,0,32626.80254878,11570.3846277272,1463.2642013392,19426.6770838247,0,0,15721.3372428989,0,48181.66315579,0.0374610922404798,0.035781017242735,0.0374610922404798,"PP","PP","PP",0.0553207052723059,0.0536406302745612,0.0544806677734335,"PP","PP","PP","Lower foothill"
"138","27_N_M",211672.424596578,9942.94338548239,2138.86103615044,0,0,0,37308.018004935,0,49389.8224265679,5332.69802052472,2138.86103615044,5100.24972340314,0,0,37308.018004935,0,49879.8267850133,0.233331396475941,0.223226816060108,0.233331396475941,"WP","WP","WP",0.235646314724643,0.22554173430881,0.230594024516726,"WP","WP","WP","Mountain stream"
"139","27_N_U",2133167.27360999,109223.531936901,7977.72020496496,0,0,507.361165836276,161736.4113983,0,279445.024706002,77260.4600326829,7977.72020496496,34578.3166356817,0,507.361165836276,165191.343897074,0,285515.20193624,0.131000052439907,0.127022360921866,0.13078599278556,"MP","MP","MP",0.133845669520824,0.129867978002783,0.131737901731611,"MP","MP","MP","Upper foothill"
"140","28_N_L",159372.010129881,3859.34664586348,6944.30262162868,14985.832346881,169.789759702993,0,1142.85840616562,0,27102.1297802418,7580.95157936179,8873.97594456042,9334.55409045093,169.789759702993,0,1142.85840616562,0,27102.1297802418,0.170055769254304,0.125417489448873,0.169523085505243,"MP","MP","MP",0.170055769254304,0.113309508120413,0.141469565187734,"MP","MP","MP","Lower foothill"
"141","28_N_M",64898.782534148,1112.03993366048,7604.34703563842,0,0,0,25493.7451411169,0,34210.1321104158,265.983904013656,6918.47020110565,0,1531.93286417959,0,25493.7451411169,0,34210.1321104158,0.527130568164592,0.409958153849467,0.527130568164592,"WP","WP","WP",0.527130568164592,0.396921606835636,0.457305096429523,"WP","WP","WP","Mountain stream"
"142","28_N_U",946795.659824584,65142.7262630964,59873.596844152,0,0,0,155411.920789612,0,280428.24389686,125.481789298419,101106.050163008,0,23784.7911549418,0,161995.196149385,0,287011.519256633,0.296186659694676,0.232948519317854,0.296186659694676,"WP","WP","WP",0.30313987635918,0.171230905271281,0.232161119546529,"WP","MP","WP","Upper foothill"
"143","28_P_F",784678.558700798,23808.7628685857,149659.54618889,0,6083.80352673648,0,0,0,179552.112584212,0,147379.995814641,0,32172.1167695711,0,0,0,179552.112584212,0.228822503932692,0.0303420586743266,0.224945882442734,"WP","PP","WP",0.228822503932692,0,0.1062111765564,"WP","NP","MP","Lowland river"
"144","28_P_L",158257.970206326,0,19023.2967862907,0,0,0,0,0,19023.2967862907,0,19023.2967862907,0,0,0,0,0,19023.2967862907,0.120204352182007,0,0.120204352182007,"MP","NP","MP",0.120204352182007,0,0.0601021760910033,"MP","NP","PP","Lower foothill"
"145","28_P_U",15878.5866131161,5800.44515129351,4983.85831312928,0,0,0,0,0,10784.3034644228,0,10784.3034644228,0,0,0,0,0,10784.3034644228,0.679172758078776,0.365299840132006,0.679172758078776,"WP","WP","WP",0.679172758078776,0,0.339586379039388,"WP","NP","WP","Upper foothill"
"146","29_N_F",3191761.21040636,0,21649.0428943843,0,0,4501.55339137828,330154.936499013,0,356305.532784776,21405.4560095304,243.586884853892,0,4501.55339137828,0,330154.936499013,0,356305.532784776,0.111632891465403,0.103439735849469,0.11036356152962,"MP","MP","MP",0.111632891465403,0.11014620748016,0.110607476153718,"MP","MP","MP","Lowland river"
"147","29_N_L",3361978.42904664,0,85.1588866757604,0,1648.81323578365,2927.28663050069,15264.6716941971,0,19925.9304471572,0,85.1588866757604,0,4468.02123271148,108.078633572861,15264.6716941971,0,19925.9304471572,0.00592684660764098,0.0045403835914931,0.00489799866636394,"NP","NP","NP",0.00592684660764098,0.0045403835914931,0.00495174429541752,"NP","NP","NP","Lower foothill"
"148","29_N_M",11273.591651484,0,0,0,0,0,0,0,0,0,0,0,0,0,0,0,0,0,0,0,"NP","NP","NP",0,0,0,"NP","NP","NP","Mountain stream"
"149","29_N_U",1352032.61500122,0,0,0,0,0,295.091888501432,0,295.091888501432,0,0,0,0,0,295.091888501432,0,295.091888501432,0.000218257965989352,0.000218257965989352,0.000218257965989352,"NP","NP","NP",0.000218257965989352,0.000218257965989352,0.000218257965989352,"NP","NP","NP","Upper foothill"
"150","29_P_F",1043967.77291155,460.958641189339,16915.5499544932,0,6368.82235509779,83751.7414460802,0,43.2037962404948,107540.276193101,0,17376.5085956825,0,13124.4557120104,75373.0330351943,0,1666.27885021381,107540.276193101,0.103011107223338,0.000441544895494004,0.0277298359277651,"MP","NP","PP",0.103011107223338,0,0.0122534614845334,"MP","NP","PP","Lowland river"
"151","29_P_L",330557.259723932,0,0,0,1908.11131714049,0,4123.23888765163,0,6031.35020479213,0,0,0,0,0,4123.23888765163,1908.11131714049,6031.35020479213,0.0182460073931798,0.0124735995545679,0.0153598034738739,"PP","PP","PP",0.0182460073931798,0.0124735995545679,0.0130508403384291,"PP","PP","PP","Lower foothill"
"152","29_P_U",31860.3237654752,0,0,0,0,0,0,0,0,0,0,0,0,0,0,0,0,0,0,0,"NP","NP","NP",0,0,0,"NP","NP","NP","Upper foothill"
"153","2_N_F",5395.68780990724,0,0,0,263.647169964624,5.56130719839562,0,0,269.20847716302,0,5.56130719839562,0,263.647169964624,0,0,0,269.20847716302,0.0498932641485883,0,0.0245343541668745,"PP","NP","PP",0.0498932641485883,0,0.0151741181982863,"PP","NP","PP","Lowland river"
"154","2_N_L",84451.6502543459,4705.1649220439,0,20470.7493332053,0,0,0,0,25175.9142552492,0,4705.1649220439,20470.7493332053,0,0,0,0,25175.9142552492,0.298110388363354,0.298110388363354,0.298110388363354,"WP","WP","WP",0.298110388363354,0.242396084286724,0.270253236325039,"WP","WP","WP","Lower foothill"
"155","2_N_M",43226.564445634,615.298156723697,0,0,6238.83772615163,0,0,0,6854.13588287532,615.298156723697,3338.78879916218,0,2900.04892698945,0,0,0,6854.13588287532,0.158563049614914,0.0142342599883818,0.0863986548016477,"MP","PP","PP",0.158563049614914,0.0142342599883818,0.0729807532673408,"MP","PP","PP","Mountain stream"
"156","2_N_U",197960.565578426,3231.30082987407,832.008793746439,10285.5720492109,13876.0415771875,5912.27280549461,0,0,34137.1960555135,5504.89098856024,11409.4474644341,10285.5720492109,6896.89574918902,40.3898041192493,0,0,34137.1960555135,0.172444425766147,0.0682806337696078,0.110517615859746,"MP","PP","MP",0.172444425766147,0.0797656997575884,0.119035098863715,"MP","PP","MP","Upper foothill"
"157","2_P_F",17424.5815589849,0,10334.5243013991,0,0,0,0,0,10334.5243013991,0,10334.5243013991,0,0,0,0,0,10334.5243013991,0.593100285732268,0,0.593100285732268,"WP","NP","WP",0.593100285732268,0,0.296550142866134,"WP","NP","WP","Lowland river"
"158","2_P_L",360712.91134815,16849.9517568555,83762.2924921935,0,98.383079632409,152.812276611543,0,0,100863.439605293,2843.99453943449,89550.0671833138,8218.18252630075,251.195356243952,0,0,0,100863.439605293,0.279622482123859,0.0467129155257557,0.279104833370814,"WP","PP","WP",0.279622482123859,0.0306675384154973,0.15500573310585,"WP","PP","MP","Lower foothill"
"159","2_P_M",12072.0462461128,0,679.107723248069,0,0,0,0,0,679.107723248069,0,679.107723248069,0,0,0,0,0,679.107723248069,0.0562545660779541,0,0.0562545660779541,"PP","NP","PP",0.0562545660779541,0,0.0281272830389771,"PP","NP","PP","Mountain stream"
"160","2_P_U",123258.548301563,0,16683.0666424543,0,0,0,0,0,16683.0666424543,728.695553224987,15954.3710892293,0,0,0,0,0,16683.0666424543,0.135350179539983,0,0.135350179539983,"MP","NP","MP",0.135350179539983,0.00591192710985179,0.0706310533249176,"MP","NP","PP","Upper foothill"
"161","30_N_F",40582.8005895432,0,0,0,0,0,0,0,0,0,0,0,0,0,0,0,0,0,0,0,"NP","NP","NP",0,0,0,"NP","NP","NP","Lowland river"
"162","30_N_L",1002393.18256512,3743.18306082099,1229.77990752475,0,0,226.344634017915,6785.21358233278,0,11984.5211846964,3743.18306082099,1229.77990752475,0,0,226.344634017915,6785.21358233278,0,11984.5211846964,0.0119559085128932,0.0105032604234315,0.0117526846939773,"PP","PP","PP",0.0119559085128932,0.0105032604234315,0.0111166823465424,"PP","PP","PP","Lower foothill"
"163","30_N_M",4826.033627847,0,206.635673987735,0,0,0,0,0,206.635673987735,0,206.635673987735,0,0,0,0,0,206.635673987735,0.0428168740465077,0,0.0428168740465077,"PP","NP","PP",0.0428168740465077,0,0.0214084370232538,"PP","NP","PP","Mountain stream"
"164","30_N_U",670554.257352797,0,1962.62855807773,0,0,0,0,0,1962.62855807773,0,1962.62855807773,0,0,0,0,0,1962.62855807773,0.00292687509855766,0,0.00292687509855766,"NP","NP","NP",0.00292687509855766,0,0.00146343754927883,"NP","NP","NP","Upper foothill"
"165","31_N_M",3422.74756532744,0,0,0,0,0,0,0,0,0,0,0,0,0,0,0,0,0,0,0,"NP","NP","NP",0,0,0,"NP","NP","NP","Mountain stream"
"166","31_N_U",38199.8891755917,0,0,0,0,0,0,0,0,0,0,0,0,0,0,0,0,0,0,0,"NP","NP","NP",0,0,0,"NP","NP","NP","Upper foothill"
"167","31_P_F",132813.30282139,2670.75817248114,525.839744245007,0,0,0,0,0,3196.59791672615,196.835705292068,2999.76221143408,0,0,0,0,61.5497861239291,3258.14770285008,0.0240683564734852,0.0201091164495234,0.0240683564734852,"PP","PP","PP",0.0245317873559074,0.0014820481164961,0.0128215453832329,"PP","NP","PP","Lowland river"
"168","31_P_L",1695599.943814,21396.3636673645,16357.6949460077,4568.14986463251,4969.17258539576,4152.00488914597,0,0,51443.3859525465,26208.271322268,16041.24797091,72.6891848267475,3348.80791777173,0,0,7679.43693674875,53350.4533325253,0.0303393416237277,0.0153128770891521,0.0266702033251411,"PP","PP","PP",0.031464057030175,0.0154995054128037,0.0212751661694519,"PP","PP","PP","Lower foothill"
"169","31_P_M",56075.5865055841,0,0,0,0,0,0,0,0,0,0,0,0,0,0,0,0,0,0,0,"NP","NP","NP",0,0,0,"NP","NP","NP","Mountain stream"
"170","31_P_U",1884051.06934203,47.5319499458866,188.741188359048,0,1597.84626448008,2030.04733048111,0,0,3864.16673326612,236.273138304935,0,0,328.540581929609,15.8799434670256,0,3332.16071215799,3912.85437585956,0.00205098831775065,0.0000252285889269903,0.000657201401671933,"NP","NP","NP",0.00207683031502222,0.00012540697125978,0.000354582418157551,"NP","NP","NP","Upper foothill"
"171","3_N_F",38009.8743979168,0,0,4890.01158717328,0,6616.25062647681,0,0,11506.2622136501,6616.25062647681,243.83587672849,4890.01158717328,0,0,0,0,11750.0980903786,0.302717712065913,0.128651085135953,0.146057747828949,"WP","MP","MP",0.309132778692438,0.302717712065913,0.305925245379175,"WP","WP","WP","Lowland river"
"172","3_N_L",1773870.76715417,387252.584076842,85581.6468658414,689191.379000448,1944.00350769151,15647.5610889632,0,0,1179617.17453979,393889.645447493,106782.676818383,704173.55764147,5526.88521099152,14671.3620296956,0,0,1225044.12714803,0.664996118309256,0.606833362953623,0.656509137739603,"WP","WP","WP",0.690605059754931,0.619020970084867,0.650054461921933,"WP","WP","WP","Lower foothill"
"173","3_N_M",92412.2508840354,5959.37114539965,5321.03091716122,5587.26318287613,15395.963775507,89.8504867110234,0,0,32353.479507655,5959.37114539965,5321.03091716122,5587.26318287613,15395.963775507,89.8504867110234,0,0,32353.479507655,0.350099464066232,0.124947008841557,0.265923965132062,"WP","MP","WP",0.350099464066232,0.124947008841557,0.203716917826538,"WP","MP","WP","Mountain stream"
"174","3_N_U",1300906.28764871,206011.044521463,23400.7310639915,360036.537678403,6204.38504257295,6352.79228942609,0,0,602005.490595857,217992.562184305,33208.0170342087,360036.537678403,6204.38504257295,6352.79228942609,0,0,623794.294228916,0.462758537114874,0.435117877109316,0.455978874609198,"WP","WP","WP",0.479507478864123,0.444328008366732,0.458522208368064,"WP","WP","WP","Upper foothill"
"175","3_P_F",470054.074319239,35941.8368658147,61458.7920840711,32454.538113848,0,72920.5249822743,5027.5069225825,0,207803.198968591,32173.55926248,77489.3183592794,48314.5658633035,0,44798.2485609453,5027.5069225825,0,207803.198968591,0.442083603401469,0.156203053890305,0.302464618970594,"WP","MP","WP",0.442083603401469,0.181927222250366,0.264353184062849,"WP","MP","WP","Lowland river"
"176","3_P_L",3665915.9988949,771252.54967986,425661.406486155,300386.88812879,136534.497785355,41209.3255279402,32917.0926021386,17143.0835682848,1725104.84377852,700178.783228234,493864.443474649,352462.970812331,136534.497785355,41209.3255279402,32917.0926021386,17143.0835682848,1774310.19699893,0.470579479807655,0.301304375425885,0.438566798556639,"WP","WP","WP",0.484001869528326,0.296122127994735,0.375121995835968,"WP","WP","WP","Lower foothill"
"177","3_P_M",78542.6119653127,8544.79924421757,4880.3733380571,0,3852.15759039565,0,0,0,17277.3301726703,8544.79924421757,4880.3733380571,0,3852.15759039565,0,0,0,17277.3301726703,0.219973970057179,0.10879189054715,0.195451246060574,"WP","MP","MP",0.219973970057179,0.10879189054715,0.154573840703522,"WP","MP","MP","Mountain stream"
"178","3_P_U",1150355.93702017,94485.6941343978,40434.9946038617,38570.2245665797,237.333192647326,6733.53617388424,0,83.7474997987632,180545.53017117,91832.6320078158,40160.7274447983,48202.4530306525,237.333192647326,6733.53617388424,0,83.7474997987632,187250.429349597,0.156947536289374,0.115664999344151,0.151525325474488,"MP","MP","MP",0.162776079406033,0.121731961849312,0.139256918935546,"MP","MP","MP","Upper foothill"
"179","4_N_L",71160.3229953455,0,0,0,276.168249993415,11375.64800825,0,5471.2199632573,17123.0362215007,0,0,0,276.168249993415,11375.64800825,0,5471.2199632573,17123.0362215007,0.240626173417182,0,0.040992153942158,"WP","NP","PP",0.240626173417182,0,0.00885286132505272,"WP","NP","NP","Lower foothill"
"180","4_N_M",35372.6192625527,0,2295.96717808126,0,0,0,0,0,2295.96717808126,0,2295.96717808126,0,0,0,0,0,2295.96717808126,0.0649080341220841,0,0.0649080341220841,"PP","NP","PP",0.0649080341220841,0,0.032454017061042,"PP","NP","PP","Mountain stream"
"181","4_N_U",197382.639881359,0,2701.81137546676,0,178.998217767858,675.789708794031,0,0,3556.59930202865,0,2701.81137546676,0,178.998217767858,675.789708794031,0,0,3556.59930202865,0.0180188050183461,0,0.0144839964494774,"PP","NP","PP",0.0180188050183461,0,0.00711615344646318,"PP","NP","NP","Upper foothill"
"182","4_P_F",54667.2462633978,0,0,0,0,0,0,0,0,0,0,0,0,0,0,0,0,0,0,0,"NP","NP","NP",0,0,0,"NP","NP","NP","Lowland river"
"183","4_P_L",360937.244052264,4504.72251517293,3095.35975240578,0,10632.2357509967,11474.3145962871,0,0,29706.6326148625,4504.72251517293,6848.30723841011,0,10632.2357509967,11474.3145962871,0,0,33459.5801008668,0.0823041487249817,0.0124806253425059,0.038964201767633,"PP","PP","PP",0.0927019326828514,0.0124806253425059,0.0308046538363524,"PP","PP","PP","Lower foothill"
"184","4_P_M",86575.2705248815,2246.72827624899,9220.74229726828,0,2405.05408716836,0,0,0,13872.5246606856,2246.72827624899,14696.7639794935,0,2806.57700727481,0,0,0,19750.0692630173,0.160236573060418,0.0259511551350369,0.146346613071918,"MP","PP","MP",0.228125989595853,0.0259511551350369,0.120555018828137,"WP","PP","MP","Mountain stream"
"185","4_P_U",872090.519175196,18004.223334707,40858.1495466354,0,16598.0328749652,3415.64593760277,0,0,78876.0516939104,18004.223334707,63979.6929601781,0,16598.0328749652,5302.35598031238,0,0,103884.305150163,0.0904447989739753,0.0206449020357829,0.0774036094056247,"PP","PP","PP",0.119121011943134,0.0206449020357829,0.0630364376960299,"MP","PP","PP","Upper foothill"
"186","5_N_L",138069.451922758,0,0,0,885.392480575236,0,0,0,885.392480575236,0,0,0,885.392480575236,0,0,0,885.392480575236,0.00641266021009894,0,0.00320633010504947,"NP","NP","NP",0.00641266021009894,0,0.00192379806302968,"NP","NP","NP","Lower foothill"
"187","5_N_M",9788.16941276801,0,0,0,0,0,0,0,0,0,0,0,0,0,0,0,0,0,0,0,"NP","NP","NP",0,0,0,"NP","NP","NP","Mountain stream"
"188","5_N_U",285598.137990116,0,13980.9269706727,0,5887.78536061026,1315.57929194727,0,0,21184.2916232302,0,13980.9269706727,0,7092.70254183652,110.662110721004,0,0,21184.2916232302,0.074175174153143,0,0.0597215993780843,"PP","NP","PP",0.074175174153143,0,0.0319269387120545,"PP","NP","PP","Upper foothill"
"189","5_P_L",163856.23013326,0,10854.1537715452,0,715.463511988989,0,0,0,11569.6172835342,0,0,0,715.463511988989,0,0,0,715.463511988989,0.070608345341065,0,0.068425140248994,"PP","NP","PP",0.00436641018414205,0,0.00130992305524262,"NP","NP","NP","Lower foothill"
"190","5_P_M",3396.79188695271,0,0,0,0,0,0,0,0,0,0,0,0,0,0,0,0,0,0,0,"NP","NP","NP",0,0,0,"NP","NP","NP","Mountain stream"
"191","5_P_U",159288.436373699,0,0,0,0,0,0,0,0,0,0,0,0,0,0,0,0,0,0,0,"NP","NP","NP",0,0,0,"NP","NP","NP","Upper foothill"
"192","6_N_L",59802.119040535,90.585196154071,2749.97839442053,0,0,0,0,0,2840.5635905746,90.585196154071,2749.97839442053,0,0,0,0,0,2840.5635905746,0.0474993802251256,0.00151474893544609,0.0474993802251256,"PP","NP","PP",0.0474993802251256,0.00151474893544609,0.0245070645802859,"PP","NP","PP","Lower foothill"
"193","6_N_M",15520.1174121017,1742.74719565367,3731.24540412507,0,0,0,0,0,5473.99259977874,1742.74719565367,3731.24540412507,0,0,0,0,0,5473.99259977874,0.352703040475095,0.112289562596658,0.352703040475095,"WP","MP","WP",0.352703040475095,0.112289562596658,0.232496301535876,"WP","MP","WP","Mountain stream"
"194","6_N_U",269448.619880507,18188.696328334,19454.5268680919,0,0,572.771066556748,0,0,38215.9942629827,18188.696328334,20377.1051145839,0,0,572.771066556748,0,0,39138.5725094747,0.141830358158563,0.0675033939175499,0.1399172143461,"MP","PP","MP",0.145254306839024,0.0675033939175499,0.105315992704696,"MP","PP","MP","Upper foothill"
"195","6_P_F",37106.8147834196,0,13649.8927769914,0,0,0,0,0,13649.8927769914,0,14930.4152472037,0,0,0,0,0,14930.4152472037,0.367854068226049,0,0.367854068226049,"WP","NP","WP",0.402363159822467,0,0.201181579911234,"WP","NP","WP","Lowland river"
"196","6_P_L",264570.824136285,8492.52835871153,21169.0465035122,0,0,24699.2094099144,0,0,54360.7842721382,25605.7698638746,26264.0593317707,0,18857.9038968789,9185.66829792372,0,0,79913.4013904479,0.205467796570555,0.0320992625941887,0.121447615806132,"WP","PP","MP",0.302049183432574,0.0967822886271263,0.167800704570338,"WP","PP","MP","Lower foothill"
"197","6_P_M",26350.5078679653,0,0,3602.11459570272,0,0,0,0,3602.11459570272,0,0,3602.11459570272,0,0,0,0,3602.11459570272,0.136700006457252,0.136700006457252,0.136700006457252,"MP","MP","MP",0.136700006457252,0.136700006457252,0.136700006457252,"MP","MP","MP","Mountain stream"
"198","6_P_U",520346.391410014,26105.5432002641,15266.1503053888,15954.9732311864,496.423673171071,3720.34416158249,0,0,61543.4345715929,43120.924470746,26619.066072144,15315.3841491532,496.423673171071,1964.68155365728,0,0,87516.4799188715,0.118273972083913,0.0808317634671716,0.111362188623161,"MP","PP","MP",0.168188886025947,0.112302707551312,0.138167132404061,"MP","MP","MP","Upper foothill"
"199","7_N_F",34474.9135126089,0,0,0,0,0,0,0,0,0,0,0,0,0,0,0,0,0,0,0,"NP","NP","NP",0,0,0,"NP","NP","NP","Lowland river"
"200","7_N_L",215348.449177988,0,26219.4147308538,0,95.7035548578299,2347.33324936239,0,0,28662.451535074,0,26219.4147308538,0,2265.46429391059,177.572510309637,0,0,28662.451535074,0.133098016932475,0,0.12306566373884,"MP","NP","MP",0.133098016932475,0,0.0640327186299031,"MP","NP","PP","Lower foothill"
"201","7_N_M",45447.5643578212,5624.34902782279,6286.6414905203,0,0,0,0,0,11910.9905183431,6838.06915136023,5642.74575094065,0,1743.98165555998,0,0,0,14224.7965578609,0.262082043045576,0.123754685367531,0.262082043045576,"WP","MP","WP",0.312993595121294,0.150460629694525,0.224052414411647,"WP","MP","WP","Mountain stream"
"202","7_N_U",614736.82483938,23672.1611020353,54404.5616205421,0,4290.1728859231,2203.37615673211,9021.34919844057,569.040866495452,94160.6618301687,22260.2698356865,23206.8917270046,0,38555.0614654651,1212.03525391064,9021.34919844057,569.040866495452,94824.6483470028,0.153172313786101,0.0531829377701884,0.145809075717924,"MP","PP","MP",0.154252428869507,0.0508861967758323,0.0886696310053666,"MP","PP","PP","Upper foothill"
"203","7_P_F",134425.904862685,0,42802.1609363048,0,3594.16143106917,17234.598250515,0,0,63630.920617889,3212.49747638094,29604.4180217972,0,30814.0051197108,0,0,0,63630.920617889,0.473353113619636,0,0.344596538325029,"WP","NP","WP",0.473353113619636,0.0238979047949313,0.202780171359364,"WP","PP","WP","Lowland river"
"204","7_P_L",774150.959766759,0,1466.83044866892,0,10776.2795504729,27222.9231466752,0,6509.86569192401,45975.8988377411,0,356.914732158066,0,36918.8574266175,934.878459075192,0,18570.541764819,56781.1923826698,0.0593888029946937,0,0.0148940230593062,"PP","NP","PP",0.0733464083022996,0,0.0169361913269428,"PP","NP","PP","Lower foothill"
"205","7_P_M",26472.5826703895,1961.15532161672,268.265213577007,0,0,0,0,0,2229.42053519373,0,2229.42053519373,0,0,0,0,0,2229.42053519373,0.0842162082541124,0.0740825081570278,0.0842162082541124,"PP","PP","PP",0.0842162082541124,0,0.0421081041270562,"PP","NP","PP","Mountain stream"
"206","7_P_U",813068.626513524,11149.8577489096,28510.3167599867,0,18183.6226134291,5795.14595268371,0,6262.71191837938,69901.6549933885,2428.78662059828,37303.9352827172,0,6033.9128229588,1434.8726336014,0,23461.6416970494,70663.1490569251,0.0859726383652633,0.0137133046157748,0.0629839995253356,"PP","PP","PP",0.086909206372815,0.00298718526505325,0.0310393138482877,"PP","NP","PP","Upper foothill"
"207","8_N_F",7030.05433161144,0,0,0,0,0,0,0,0,0,0,0,0,0,0,0,0,0,0,0,"NP","NP","NP",0,0,0,"NP","NP","NP","Lowland river"
"208","8_N_L",1080894.89265859,985.671768187585,16159.206540521,0,14040.1632388661,9336.95951520031,0,2216.75159154871,42738.7526543238,1031.67597872053,21062.3698258071,0,9347.75193337741,759.428897922683,0,10537.5260184961,42738.7526543238,0.0395401559805716,0.000911903437496321,0.0238355103092008,"PP","NP","PP",0.0395401559805716,0.000954464662316055,0.01426682573692,"PP","NP","PP","Lower foothill"
"209","8_N_M",31758.0665302363,3575.97377188412,1145.9596140358,0,3148.62246158839,11.0385014932891,0,0,7881.5943490016,1761.71895907871,2960.21442684122,0,3159.66096308168,0,0,0,7881.5943490016,0.248176139485622,0.112600487453463,0.198291305324518,"WP","MP","MP",0.248176139485622,0.0554731175904995,0.131926307838509,"WP","PP","MP","Mountain stream"
"210","8_N_U",771133.805025082,7871.37461363185,27987.809404216,0,12623.6805751118,702.471021179591,0,0,49185.3356141393,4915.84185442901,33429.9327926204,0,10137.0899459103,702.471021179591,0,0,49185.3356141393,0.0637831402197956,0.0102075341041181,0.0547781346534896,"PP","PP","PP",0.0637831402197956,0.00637482343841627,0.0319943634603204,"PP","NP","PP","Upper foothill"
"211","8_P_F",621881.960902548,0,25890.9643700854,0,37723.7965227333,49206.2488213707,0,0,112821.009714189,0,32826.0802534479,0,33299.5768021555,47360.1371647171,0,0,113485.794220321,0.181418688444428,0,0.0798760707602727,"MP","NP","PP",0.182487676689667,0,0.0424564705640466,"MP","NP","PP","Lowland river"
"212","8_P_L",1402507.20370729,5331.75080944462,51690.0997913617,0,49224.5206606316,34633.9740947096,0,3965.72509577064,144846.070451918,6443.7333064959,48412.8301794032,0,74438.4642830484,13104.7992985156,0,2446.24338445512,144846.070451918,0.103276525118047,0.0038015853290101,0.0615235527070652,"MP","NP","PP",0.103276525118047,0.00459443865205324,0.0379508296847693,"MP","NP","PP","Lower foothill"
"213","8_P_M",25379.084950378,0,1250.13084703697,0,5247.1237051277,290.413259563167,0,796.906620240488,7584.57443196832,0,472.084614318303,0,6600.21066310817,0,0,512.279154541852,7584.57443196832,0.298851374933254,0,0.16319761014739,"WP","NP","MP",0.298851374933254,0,0.089338659214032,"WP","NP","PP","Mountain stream"
"214","8_P_U",778218.592390381,0,1675.64332710017,0,16259.7486469493,4219.11416953048,0,1261.16376865199,23415.669912232,0,632.088589218597,0,21302.0500372248,1669.83475371382,0,5822.92480251895,29426.8981826761,0.0300888081333398,0,0.0136282765560081,"PP","NP","PP",0.0378131523333159,0,0.00936620103567538,"PP","NP","NP","Upper foothill"
"215","9_N_F",8109.32960668953,0,0,0,0,6560.99259207065,0,0,6560.99259207065,0,0,0,0,6560.99259207065,0,0,6560.99259207065,0.809067199174932,0,0.0809067199174932,"WP","NP","PP",0.809067199174932,0,0,"WP","NP","NP","Lowland river"
"216","9_N_L",18703.2186247549,0,0,0,3918.3256978936,1800.72863884122,0,173.840171876085,5892.8945086109,0,0,0,3918.3256978936,1800.72863884122,0,173.840171876085,5892.8945086109,0.315073818407453,0,0.117166344914202,"WP","NP","MP",0.315073818407453,0,0.063779489000724,"WP","NP","PP","Lower foothill"
"217","9_N_M",123859.34938626,9603.43108101207,0,3069.31593642865,2067.64489382788,0,0,0,14740.3919112686,9603.43108101207,0,3069.31593642865,2067.64489382788,0,0,0,14740.3919112686,0.119009117876925,0.102315627203243,0.110662372540084,"MP","MP","MP",0.119009117876925,0.102315627203243,0.107323674405347,"MP","MP","MP","Mountain stream"
"218","9_N_U",717562.662369086,12367.6549016154,0,5639.5786920365,3582.71317902562,1469.09276438111,0,9209.70907228083,32268.7486093395,12367.6549016154,0,5639.5786920365,3582.71317902562,1469.09276438111,0,9209.70907228083,32268.7486093395,0.0449699382389851,0.0250949980231687,0.0316465911232248,"PP","PP","PP",0.0449699382389851,0.0250949980231687,0.0278763368045743,"PP","PP","PP","Upper foothill"
"219","9_P_F",18724.7800546778,0,0,0,0,0,0,0,0,0,0,0,0,0,0,0,0,0,0,0,"NP","NP","NP",0,0,0,"NP","NP","NP","Lowland river"
"220","9_P_L",676233.151305552,33835.8483828469,15600.8796019513,0,15100.4182153039,37994.886428355,0,0,102532.032628457,35751.9935585287,16313.7970892504,0,16053.9295220856,31522.292594066,0,10197.9240511679,109839.936815099,0.151622310190659,0.050035772895077,0.0898897453014982,"MP","PP","PP",0.162429092100911,0.0528693298894103,0.0735617046707304,"MP","PP","PP","Lower foothill"
"221","9_P_M",130194.71123596,984.038275354965,20257.5917260035,0,619.030975565693,225.539405822333,0,0,22086.2003827465,1512.82149586743,20257.5917260035,0,619.030975565693,641.470960301475,0,0,23030.9151577381,0.169639766262996,0.00755820467677471,0.165703347124633,"MP","NP","MP",0.176895934858658,0.0116196847130422,0.0908433725092221,"MP","PP","PP","Mountain stream"
"222","9_P_U",1521492.98000555,42131.6767393909,107080.772158641,0,24637.6777484179,12021.3790930795,2025.83999921736,0,187897.345738747,52266.2232490625,107595.554431393,0,24637.6777484179,13393.6505191793,2025.83999921736,0,199918.94594727,0.123495374745707,0.0290224912759356,0.108287890805889,"MP","PP","MP",0.131396561518504,0.0356834135692706,0.0758998860369903,"MP","PP","PP","Upper foothill"
